FOODID;FOODNAME;LANG
1;SOCKER;SV
2;FRUKTSOCKER, FRUKTOS;SV
3;SIRAP;SV
4;HONUNG;SV
5;SÖTSAK KARAMELL;SV
6;CHOKLAD MEDELVÄRDE;SV
7;CHOKLADKONFEKT;SV
8;LAKRITS;SV
9;MARMELAD;SV
10;MARSIPAN, MANDELMASSA;SV
11;TOFFEE;SV
12;SALMIAK;SV
14;CHOKLADSTÅNG MED CHOKLAD, MEDELVÄRDE;SV
20;KAKAOPULVER;SV
21;KAKAOPULVER SOCKRAT;SV
24;SORBITOL;SV
25;GELATIN;SV
26;JÄST;SV
27;MAJSSTÄRKELSE;SV
28;SENAP;SV
30;KOKSALT JODERAT;SV
31;SOJASÅS;SV
32;MÖRK CHOKLAD;SV
33;MJÖLKCHOKLAD;SV
34;HALVA-SESAMFRÖPREPARAT;SV
35;SÖTSAK SOCKERFRI;SV
36;MINERALSALT MEDELVÄRDE;SV
37;CHOKLAD SOCKERFRI SÖTAD MED SORBITOL;SV
38;KÖTTBULJONGPULVER/KONCENTRAT;SV
39;SÖTNINGSMEDEL ASPARTAM, PULVER;SV
40;MELLANMÅLSSTÅNG MED FIBER;SV
43;RÅGMALT;SV
44;CHOKLADSTÅNG MED CHOKLADFYLLNING MEDELVÄRDE;SV
62;PASTILL SÖTAD MED XYLITOL;SV
63;CHOKLADSTÅNG LÅG FETTHALT;SV
65;XYLITOLTUGGUMMI;SV
66;TUGGUMMI;SV
68;KORNSTÄRKELSE;SV
69;FRUKTPASTILL ARABIKUMPASTILL;SV
70;SÖTNINGSMEDEL SACKARIN;SV
73;YOGHURTRUSSIN/YOGHURTFRUKT ÖVERDRAGEN TORKAD FRUKT;SV
74;BAKPULVER;SV
75;FISKBULJONG UTSPÄDD;SV
79;SALT OJODAT BERGSSALT;SV
100;RÅGMJÖL FULLKORNSMJÖL;SV
103;RÅGFLINGOR;SV
110;VETEMJÖL HALVGROVT;SV
111;GRAHAMMJÖL;SV
112;MANNAGRYN;SV
113;MANNAGRYN MÖRKA;SV
114;VETEFLINGOR;SV
115;VETEGRODDAR;SV
116;VETEKLI;SV
117;MAKARONER, PASTA;SV
119;MAKARONER MÖRKA, JÄSTBRÖDSVETEMJÖL;SV
120;NUDEL, VETE;SV
121;SPAGETTI;SV
124;JÄSTBRÖDSVETEMJÖL;SV
125;SEMLEMJÖL, VETEMJÖL, RÅGMJÖL, VETEKROSS;SV
126;SKORPMJÖL;SV
133;VÅFFELSKAL T.EX. FÖR STRUT;SV
142;VETEMJÖL BAGERIINDUSTRIN, NYMALET;SV
150;KORNMJÖL;SV
151;KORNGRYN;SV
152;KORNFLINGOR;SV
153;HAVREFLINGOR;SV
154;TALKKUNA-MJÖL;SV
156;RIS, GRÖTRIS;SV
158;FULLKORNSRIS;SV
160;HIRSGRYN/-MJÖL;SV
161;BOVETEGRYN/-MJÖL;SV
162;POTATISMJÖL/-GRYN POTATISSTÄRKELSE;SV
167;MAJSKORN, TORKAD;SV
168;MALT FÖR SVAGDRICKA/MEMMA;SV
170;HAVREKLI;SV
172;SPENATSPAGHETTI ÄGGPASTA;SV
173;HAVREMAKARONER VETE, HAVRE;SV
175;VETEKROSS AV FULLKORN;SV
176;RÅGKROSS;SV
182;RISMJÖL/-FLINGOR;SV
183;FULLKORNSRISMJÖL;SV
184;MAJSCHIPS TACOSKAL;SV
185;GLUTENFRI MJÖLBLANDNING VETESTÄRKELSEPREPARAT;SV
189;RÅG-VETEMJÖLSBLANDNING;SV
202;POTATIS TORKAD;SV
203;POTATISCHIPS;SV
204;FÄRSKPOTATIS NYPOTATIS;SV
205;POTATIS, SKALAD;SV
206;POTATISMOSPULVER OTILLRETT;SV
207;POMMES FRITES FRÖST;SV
209;POTATISFLINGOR;SV
300;MOROT;SV
302;MOROT TORKAD;SV
303;KÅLROT;SV
304;ROVA;SV
305;RÖDBETA;SV
307;ÄTTIKSRÖDBETA;SV
308;RÄDISA;SV
309;PALSTERNACKA;SV
310;JORDÄRTSKOCKA;SV
311;ROTSELLERI;SV
312;SVARTROT;SV
320;VITKÅL HUVUDKÅL;SV
321;RÖDKÅL;SV
322;BLOMKÅL;SV
324;BROCCOLI;SV
326;GRÖNKÅL;SV
327;ROSENKÅL BRYSSELKÅL;SV
329;KÅLRABBI;SV
330;BLADSALLAT, KRUKSALLAT, LOLLO ROSSO;SV
331;ISBERGSSALLAT FRASIG, AMERIKANSK SALLAT;SV
333;PERSILJA;SV
334;NÄSSLA;SV
335;LÖK;SV
336;LÖK TORKAD;SV
337;PURJOLÖK;SV
338;RABARBER;SV
339;BLADSELLERI;SV
340;SPARRIS;SV
342;SVAMP SOPP, KREMLA;SV
343;SVAMP RISKOR;SV
344;SVAMP, INLAGD I ÄTTIKA;SV
345;CHAMPINJONER;SV
346;GURKA;SV
347;ÄTTIKSGURKA;SV
348;KRYDDGURKA SOCKERSALTAD;SV
350;PUMPA;SV
351;SYLTAD PUMPA;SV
352;TOMAT;SV
353;TOMATKETCHUP;SV
354;TOMATPURÉ;SV
355;PAPRIKA MEDELVÄRDE;SV
358;GRÖNSAKSJUICE;SV
359;KINAKÅL;SV
360;MANGOLD;SV
362;ÄGGPLANTA AUBERGINE;SV
363;MAJSKORN;SV
364;TRÄDGÅRDSKRASSE;SV
367;KANTARELL;SV
368;STENMURKLA;SV
369;DILL, FÄRSK;SV
370;ÄRTER;SV
371;ÄRTER TORKADE;SV
372;GRÖNA BÖNOR;SV
373;BÖNOR BRUNA/VITA;SV
375;HASSELNÖTTER;SV
376;VALNÖTTER;SV
377;KASTANJER;SV
378;JORDNÖTTER;SV
379;MANDEL;SV
380;SOJAMJÖL FETT;SV
381;SOJAMJÖL MED LÅG FETTHALT;SV
382;KOKOSFLINGOR;SV
383;SALTA NÖTTER;SV
384;GRODDAR MEDELVÄRDE ALFA-ALFA, MUNGBÖNOR;SV
385;SESAMFRÖN, MED SKAL;SV
386;PAPRIKA RÖD;SV
387;PAPRIKA GRÖN;SV
388;PAPRIKA GUL;SV
389;SQUASH ZUCCHINI;SV
390;TOMATJUICE;SV
391;SOJABÖNOR TORKADE;SV
392;GRÄSLÖK;SV
393;VITLÖK;SV
394;GURKSALLAD GURKPICKELS GURKRELISH;SV
395;BÖNOR VITA, KOKTA;SV
398;KROSSADE TOMATER;SV
399;LINSER GRÖNA/BRUNA;SV
401;ÄPPLE TORKAT;SV
408;APRIKOS I SOCKERLAG;SV
409;APRIKOS TORKAD;SV
411;PERSIKOKONSERV I SOCKERLAG;SV
412;PERSIKA TORKAD;SV
417;ANANAS I SOCKERLAG;SV
423;VINDRUVOR MEDELVÄRDE KÄRNFRIA, GRÖNA/MÖRKA;SV
427;BLANDAD FRUKT, TORKAT;SV
428;RUSSIN;SV
431;OLIV MEDELVÄRDE VÄGD MED KÄRNA, I OLJA, GRÖN/SVART;SV
432;FRUKTSALLAD KONSERVERAD SOCKERLAG;SV
433;ÄPPELJUICE;SV
434;APELSINJUICE;SV
435;GRAPEJUICE;SV
436;JUICE MEDELVÄRDE;SV
437;CITRONSAFT UTSPÄDD;SV
438;ANANASJUICE;SV
440;LINGON;SV
441;TRANBÄR;SV
442;BLÅBÄR SKOGS-;SV
444;SVARTA VINBÄR;SV
445;RÖDA VINBÄR;SV
446;KRUSBÄR;SV
447;JORDGUBBE;SV
448;HALLON;SV
449;HJORTRON;SV
450;BÄRSYLT MEDELVÄRDE;SV
451;KOKT SAFT OUTSPÄDD, SOCKRAD;SV
452;KOKT SVARTVINBÄRSSAFT OUTSPÄDD, SOCKRAD;SV
453;KOKT SAFT OUTSPÄDD, SOCKERFRI;SV
454;BÄR MEDELVÄRDE;SV
455;HAVTORN;SV
456;MARMELAD AV BÄR;SV
457;RÖNNBÄR;SV
458;SVARTVINBÄRS-LINGONDRYCK;SV
459;LINGONSAFT OUTSPÄDD;SV
461;KOKT SAFT UTSPÄDD, SOCKRAD;SV
462;KOKT SVARTVINBÄRSSAFT UTSPÄDD, SOCKRAD;SV
463;KOKT SAFT UTSPÄDD, SOCKERFRI;SV
469;JUICE, FEM FRUKTERS JUICE;SV
471;ANANAS I EGEN JUICE;SV
472;ÄPPELMOS OSÖTAD;SV
473;FRUKTDRYCK NEKTAR, FRUKTHALT 50 %;SV
474;BÄRJUICE, OSÖTAD;SV
476;SYLT SÖTAD MED FRUKTOS;SV
477;MELON, NÄTMELON/CANTALUPONMELON SKALAD;SV
478;BÄRJUICE NEKTAR, BÄRHALT 50 %;SV
500;SMÖR;SV
501;FETTBLANDNING 80%;SV
528;FLOTTYR 100%;SV
529;INDUSTRIMARGARIN 80 % KAVLING;SV
530;BAGERIINDUSTRIMARGARIN 80 % BAKNING;SV
531;MATOLJA I LIVSMEDELINDUSTRI;SV
535;RYPSOLJA;SV
536;OLIVOLJA;SV
540;SOLROSOLJA;SV
541;MATOLJA MEDELVÄRDE;SV
542;SOJAOLJA;SV
543;MAJSOLJA;SV
550;STEKFETT ISTER;SV
552;KOKOSFETT 100 %;SV
553;TALG RÅTT NÖTFETT;SV
562;MAJONNÄS, HAMBURGERDRESSING;SV
563;FRANSK SALLADSDRESSING;SV
565;FETTBLANDNING 40%, KEVYT LEVI, LÅG SALTHALT OCH LAKTOSHALT;SV
568;MARGARIN 60%, RAINBOW/PIRKKA/ELDORADO;SV
570;FETTBLANDNING 40 %, KEVYT LEVI LÅG LAKTOSHALT;SV
572;MARGARIN 40%, LÄTTA;SV
576;SMÖR OSALTAT;SV
578;MAJONNÄS MED 27-33 % FETT;SV
579;SALLADSDRESSING FETT <17 %, LÅG FETTHALT;SV
585;SMÖR KRAFTIGT SALTAT;SV
586;FETTBLANDNING 80%, HÖG SALTHALT;SV
593;BAKNINGSMARGARIN 80%, PIRKKA/RAINBOW/ELDORADO;SV
597;MATFETTSBLANDNING 75%;SV
598;SMÖROLJA 100%, MJÖLKFETT;SV
599;MATFETT 32%, BENECOL LÄTT;SV
600;GÅRDSMJÖLK 4,4 % FETT, RÅMJÖLK, UTAN TILLSATT VITAMIN D;SV
602;RÅMJÖLK, COLOSTRUM;SV
604;GETMJÖLK;SV
606;MJÖLK FETTFRI;SV
611;HUSHÅLLSSURMJÖLK 0,8 % FETT;SV
612;SURMJÖLK FETTFRI;SV
613;KÄRNMJÖLK 0,3 % FETT;SV
615;GRÄDDFIL 10-12 % FETT;SV
616;ACIDOPHILUS-SURMJÖLK 2,5 % FETT, A-SURMJÖLK, AB-SURMJÖLK;SV
617;FIL AV HELMJÖLK, 3,5 % FETT;SV
618;LÄTTFIL CA 2 % FETT;SV
619;YOGHURT NATURELL, CA 2,5 % FETT;SV
622;KVARK <0,5 % FETT;SV
627;MJÖLK ETTANS 1 % FETT;SV
628;CRÈME FRAICHE 28 % FETT;SV
629;GRÄDDE 38 % FETT, VISPGRÄDDE, LÅG LAKTOSHALT;SV
630;SMETANA CA 40 % FETT;SV
632;MATLAGNINGSGRÄDDE 19 % FETT, KAFFEGRÄDDE;SV
633;LÄTTGRÄDDE 10 % FETT, LÅG LAKTOSHALT;SV
635;GRYNOST FETTFRI, LÅG LAKTOSHALT;SV
636;ETTANS FIL MED SYLT 1 % FETT, LÅG LAKTOSHALT;SV
637;YOGHURT FETTFRI, LÅG LAKTOSHALT, NATURELL;SV
639;BÄR-/FRUKTYOGHURT FETTFRI;SV
640;VITMÖGELOST FETT 26-30 G CAMEMBERT/BRIE;SV
641;GRÄDDOST, FETT 30 G TURUNMAA/OLTERMANNI/KORSHOLM/MASURKKA;SV
642;EMMENTALOST, FETT 27-30 G, RÖDSTÄMPLAD;SV
643;HÅRD SMÅHÅLIG OST, FETT 24-27 G, EDAM 40 % MEDELVÄRDE;SV
644;HALVHÅRD OST, FETT 9-11 G, LÄTT EDAM/KADETT;SV
645;GETOST FETT 20-25 G HÅRD OST;SV
647;SMÄLTOST, FETT 20-24 G, MEDELFET;SV
648;SMÄLTOST, FETT 27-35 G, HELFET;SV
649;GRYNOST FETT 2-5 G;SV
650;HEMOST, FETT 9-14 G BONDOST;SV
653;BLÅMÖGELOST, FETT 27-30 G AURA/DANAZOLE MEDELVÄRDE FETT 50 % AV TORRSUBSTANSEN;SV
654;GOUDA/SALANEUVOS FETT 28-30 G, FETT 48 % AV TORRSUBSTANSEN, MEDELVÄRDE;SV
655;HALVHÅRD OST, FETT 25-35 G LAPPI/POLAR/SMÅLAND/BILLINGE/RUSTHOLLI;SV
657;BRÖDOST FETT 17-23 G;SV
658;FÄRSKOST, FETT 36-44 G HELFET, KASAKKA/MUSTA-PEKKA;SV
659;SMÄLTOST FETT 9-12 G FETTSNÅL;SV
661;MJUKGLASS, SOFT ICE MED VÅFFEL;SV
663;GRÄDDGLASS;SV
664;GLASSPINNE GRÄDDGLASS MED CHOKLADÖVERDRAG MEDELVÄRDE;SV
665;GLASSTRUT GRÄDDGLASS;SV
666;MJÖLKGLASS;SV
667;GLASS SYNTETISKT SÖTAD;SV
668;GRÄDDGLASS > 12 % FETT, MEDELVÄRDE;SV
669;GLASS FETTFRI;SV
672;MJÖLKPULVER FETTFRITT;SV
675;LÄTTMJÖLK 1,5 %, LÅG LAKTOSHALT;SV
680;ETTANS FIL 1 % FETT;SV
682;FÄRSKOST FETT 30 G SYRAD GRÄDDPRODUKT CREME BONJOUR/CANTADOU;SV
684;LÄTTMJÖLK 1,5 % FETT;SV
685;BÄR-/FRUKTYOGHURT FETTFRI, FRUKTOS-ASPARTAM MEDELVÄRDE;SV
686;BÄR-/FRUKTYOGHURT HÖG FETTHALT 7 %;SV
687;MATLAGNINGSYOGHURT, FETT 6-8 %;SV
689;HELMJÖLK 3,5 % FETT;SV
690;SALLADOST FETT 18 G AV KOMJÖLK, I SALTLAG;SV
691;EMMENTALOST, FETT 27-30 G, STORHÅLIG, BLÅSTÄMPLAD/GRUYERE;SV
698;CHEDDAR;SV
699;MATLAGNINGSCREME 15 % FETT, VEGETABILISK FETTBLANDNING;SV
701;SVINKROPP MEDELFET;SV
703;GRISKOTLETT/RYGG TJOCKT FETTLAGER;SV
704;SKINKA MED FLÄSK;SV
705;GRISBOG;SV
706;SIDFLÄSK AV GRIS;SV
707;BACON FET;SV
708;RYGGFLÄSK AV GRIS;SV
709;GRISLÄGG;SV
711;KÖTTFÄRS GRIS-NÖT;SV
712;KÖTTFÄRS NÖT, LÅG FETTHALT, 7 % FETT;SV
713;GRISKÖTT MEDELVÄRDE;SV
714;NÖTKÖTT MEDELVÄRDE;SV
716;NÖTKROPP MEDELFET, 13 % FETT;SV
718;NÖT STEK;SV
719;NÖTBOG/HÖGREV;SV
720;NÖTLÄGG;SV
721;NÖTBRINGA;SV
722;NÖTFILÉ;SV
723;KÅLLAPP;SV
726;KALVSTEK;SV
730;LAMMKÖTT LÅG FETTHALT;SV
731;LAMMKÖTT FETT;SV
732;LAMMSTEK;SV
734;RENKÖTT;SV
735;ÄLGKÖTT;SV
736;HARE;SV
737;KANIN;SV
741;NÖTKÖTTKONSERV;SV
743;GRIS-NÖTKONSERV;SV
747;ALADÅB PÅ KÖTT;SV
748;GRISSTEK LÅG FETTHALT;SV
750;HÖNA;SV
751;KYCKLING HEL MED SKINN;SV
752;KALKON MED SKINN;SV
753;SKOGSFÅGEL;SV
754;KYCKLINGSTRIMLOR MEDELVÄRDE;SV
775;BASTUPALVAD SKINKA;SV
776;PÅLÄGG AV NÖTKÖTT;SV
779;KOKT SKINKA;SV
786;NÖTLEVER;SV
787;GRISLEVER;SV
788;LEVER KYCKLING;SV
789;LEVER REN;SV
790;LEVER MEDELVÄRDE;SV
791;NJURE;SV
792;HJÄRTA NÖT;SV
793;TUNGA NÖT;SV
794;BLOD;SV
797;RENPÅLÄGG KALLRÖKT;SV
799;SKINKPÅLÄGG LÅG FETTHALT;SV
800;STRÖMMING, FÄRSK, ÖSTERSJÖN;SV
801;STRÖMMING, SALTAD, ÖSTERSJÖN;SV
802;STRÖMMING, RÖKT, ÖSTERSJÖN;SV
803;SILL SALTAD I TUNNA;SV
804;TORSK;SV
805;GÖS;SV
806;RÖDFISK;SV
807;HÄLLEFLUNDRA;SV
809;MUJKA INSJÖ;SV
810;MUJKA INSJÖ, SALTAD;SV
811;MUJKA INSJÖ, RÖKT;SV
812;ABBORRE;SV
813;GÄDDA;SV
814;BRAXEN;SV
815;SIK;SV
816;SIK RÖKT;SV
817;LAX HEL;SV
818;LAX GRAVAD;SV
819;LAKE;SV
820;FLUNDRA;SV
821;ÅL;SV
822;REGNBÅGSLAX HEL MEDELVÄRDE;SV
823;ÖRING;SV
824;FISK MEDELVÄRDE STRÖMMING/MUJKA/ABBORRE/GÄDDA;SV
825;NEJONÖGA;SV
826;SEJ DJUPFRYST;SV
828;TONFISK I OLJA;SV
829;ANSJOVIS;SV
830;LAX I OLJA;SV
831;SARDIN MEDELVÄRDE, I OLJA OCH TOMATSÅS;SV
832;ROMKAVIAR MÖRK STÖRROM;SV
833;ROMKRÄM;SV
834;BLÅMUSSLA I VATTEN;SV
835;RÄKA;SV
836;KRÄFTA;SV
837;KRYDD-/SALTSILL MEDELVÄRDE;SV
838;KRYDD-/SALTSTRÖMMING MEDELVÄRDE;SV
844;BRAXEN RÖKT;SV
845;MÖRT;SV
846;RÖDFISK DJUPFRYST;SV
848;REGNBÅGSLAX HAV, FILÉ;SV
851;ÄGGULA 35 % AV ÄGGMASSAN;SV
852;ÄGGVITA 66 % AV ÄGGMASSAN;SV
855;VAKTELÄGG;SV
856;FISK RÖKT, MEDELVÄRDE, FETTSNÅL;SV
857;FISK RÖKT, MEDELVÄRDE, FET;SV
858;ÄGG UTAN SKAL;SV
859;SILL I VITLÖKS-/SENAPSSÅS;SV
860;STRÖMMING I DILL-/SENAPSSÅS;SV
862;TONFISK;SV
863;OSTRON VÄGDA MED SKAL;SV
864;SNIGEL;SV
865;BLÄCKFISK;SV
866;HUMMER;SV
870;FILÉ AV REGNBÅGSLAX GRAVAD;SV
871;LAXFILÉ;SV
900;KAFFE, MEDELVÄRDE;SV
901;TE;SV
902;ÖL MELLANÖL 4,5 VOL-% ALKOHOL;SV
903;ÖL A-ÖL, 5- 5,5 VOL-% ALKOHOL;SV
904;VIN MEDELVÄRDE, 8-15 VOL-% ALKOHOL;SV
905;STARKVIN SÖTT, BITTER, SHERRY, VERMOUTH, MADEIRA, FRUKTVIN;SV
906;STARKSPRIT, VODKA, GIN;SV
907;KONJAK/ROM/WHISKEY 40 VOL-%;SV
908;LIKÖR 20-30 VOL-%;SV
909;GIN LONG DRINK 5,5 VOL-%;SV
910;LÄSKEDRYCK;SV
911;CIDER SÖT <3 VOL-% ALKOHOL;SV
912;MJÖD;SV
913;ÖL, I-ÖL <2,8 VOL-% ALKOHOL;SV
914;SVAGDRICKA;SV
915;MINERALVATTEN;SV
917;CITRONTEPULVER OTILLREDD, SMAKSATT SNABBTE;SV
920;LÄSKEDRYCK SOCKERFRI LIGHT;SV
921;MINERALVATTEN LÅG NATRIUMHALT;SV
922;VATTEN, KRANVATTEN;SV
923;ÖRTTE;SV
924;RÖDVIN;SV
925;VITT VIN TORRT;SV
926;VITT VIN SÖTT;SV
928;COLADRYCK MEDELVÄRDE;SV
929;VINÄGER VINÄTTIKA;SV
930;FILTERKAFFE;SV
931;PANNKAFFE;SV
932;SPECIALKAFFE, CAPPUCCINO, OSÖTAD, HELMJÖLK;SV
933;STARKSPRITSÄTTIKA;SV
934;HONUNGS-ÄPPELVINÄGER;SV
936;SVAGT VIN 4-5 VOL-% ALKOHOL;SV
937;GRÖNT TE;SV
938;LÄSKEDRYCK DELVIS SYNTETISKT SÖTAD;SV
939;CIDER SÖT 4,7 VOL% ALKOHOL;SV
940;ÖL STARKT 7,5- 8 VOL-% ALKOHOL;SV
941;COLADRYCK LIGHT, SÖTAD MED ASPARTAME;SV
942;GRÄDDLIKÖR 15-17 VOL-% ALKOHOL;SV
946;STÄRKELSESIRAP;SV
1554;OSTSNACKS;SV
5007;SMÖRGÅSPICKELS;SV
11001;LJUS ROTSAK MEDELVÄRDE;SV
11002;MÖRKGRÖNA BLADGRÖNSAKER MEDELVÄRDE;SV
11004;ROM MEDELVÄRDE;SV
11005;FYRKORNSFLINGOR;SV
11007;NYPON;SV
11012;JORDGUBBSSYLT;SV
11013;APELSINMARMELAD;SV
11014;PALMOLJA;SV
11030;RÅGSIKTMJÖL;SV
11045;APELSIN SKALAD;SV
11046;MANDARIN SKALAD;SV
11047;GRAPE SKALAD;SV
11048;CITRON SKALAD;SV
11049;BANAN SKALAD;SV
11050;KIWI SKALAD;SV
11051;PERSIKA/NEKTARIN SKALAD, KÄRNFRI;SV
11052;KÖRSBÄR KÄRNFRI;SV
11053;PLOMMON KÄRNFRI;SV
11054;APRIKOS KÄRNFRI;SV
11055;VATTENMELON SKALAD;SV
11056;ANANAS SKALAD;SV
11057;AVOKADO SKALAD, KÄRNFRI;SV
11059;TONFISK MEDELVÄRDE;SV
11060;ÄPPLE INHEMSKT, SKALAT;SV
11061;ÄPPLE UTLÄNDSKT, SKALAT;SV
11062;PÄRON SKALAT;SV
11063;PLOMMON KÄRNFRI, TORKAD;SV
11064;CHAMPINJONER KONSERVERADE;SV
11065;NYPONPURÉ SOCKERFRI;SV
11067;TONFISK I VATTEN;SV
11069;VIN ALKOHOLFRITT;SV
11071;SPECIALFRUKT EXOTISK, MEDELVÄRDE MANGO/PAPAYA SKALAD;SV
11074;ALFA-ALFA-GRODDAR;SV
11086;CASHEW-NÖTTER;SV
11089;KIKÄRT I OSALTAT VATTEN, KAFFEÄRT;SV
11090;VITA BÖNOR I TOMATSÅS;SV
11092;VASSLEPULVER;SV
11130;FÄRSKOST FETT 6-11 G;SV
11131;VITMÖGEL-/VITBLÅMÖGELOST FETT 40 G VIT CASTELLO/BLÅ CASTELLO/SAGA;SV
11132;FÄRSKOST-VEG. FETTBLANDNING FETT 24-30 G BEL AMI;SV
11133;HALVHÅRD OST, FETT 15-18 G KEVYT TURUNMAA/EDAM 17/ADAM/MAIGRE;SV
11134;BASILIKA;SV
11135;BAMBUSKOTT;SV
11136;VISPGRÄDDE FETT 25 %;SV
11142;SAFTIS MEDELVÄRDE;SV
11145;FETTFRI MJÖLK LÅG LAKTOSHALT;SV
11146;BRÖDOST LÅG LAKTOSHALT;SV
11148;GLASSPINNE GRÄDDGLASS, CHOKLAD MEDELVÄRDE;SV
11149;SAFTIS-GLASSPINNE MEDELVÄRDE;SV
11150;KYCKLING MARINERAD UTAN SKINN;SV
11152;GRÄDDFIL LÅG LAKTOSHALT, 10-12 % FETT;SV
11154;LÄTTFIL LÅG LAKTOSHALT;SV
11155;GRYNOST, FETT 2-5 G LÅG LAKTOSHALT;SV
11156;MJÖLKKVARK LÅG LAKTOSHALT <0,5 % FETT;SV
11157;OST, INNEH. VEG. FETT;SV
11159;CRÈME FRAICHE 15-18 % FETT;SV
11164;VANILLINSÅS VISPBAR;SV
11165;FETTFRI SURMJÖLK LÅG LAKTOSHALT;SV
11172;GLASSPINNE VEG. FETT, CHOKLADÖVERDRAG;SV
11173;GLASSTRUT TUUTTI VEG. FETT;SV
11177;SVARTPEPPAR;SV
11178;VITPEPPAR;SV
11182;PAPRIKAPULVER;SV
11188;VANILLINSOCKER;SV
11191;OREGANO, TORKAD;SV
11194;TIMJAN;SV
11196;AROMSALT/ÖRTSALT SALTHALT 71 %;SV
11197;BRUN KRYDDSÅS HP-SÅS;SV
11198;DRUVSOCKER;SV
11203;HONUNGSMELON SKALAD;SV
11210;PASTILL SÖTAD MED XYLITOR, C-VITAMIN TILLSATT;SV
11211;FETAOST 25 G FETT AV GETMJÖLK, I SALTLAG;SV
11212;SOLROSFRÖN;SV
11287;VEG. MATFETT 28%, MINI LÄTTA;SV
11503;VINDRUVSJUICE;SV
11505;BANANCHIPS, TORKAD BANAN;SV
11507;RISSTÄRKELSE;SV
11512;KOTLETTRAD FETT-% 8,6;SV
11513;GRISFILÉ YTTER-/INNERFILE FETT-% 4,5;SV
11521;RIS LÅNGKORNIGT, KLIBBFRITT;SV
11522;RIS OCH RÅGKROSS BLANDNING;SV
11550;FÄRSKOST, FETT 30 G LÅG LAKTOSHALT;SV
11551;KALKON BRÖSTFILÉ;SV
11552;KASSLERSTEK/PICKNICK-STEK MARINERAD;SV
11553;FRUKTSYLT MEDELVÄRDE;SV
11557;CITRONSAFT OUTSPÄDD;SV
11558;APELSINSAFT INNEHÅLLER KALCIUM;SV
11562;KÖTTFÄRS AV NÖT, 17 % FETT;SV
11563;KYCKLINGBEN MED SKINN;SV
11564;KYCKLING BRÖSTSCHNITZEL;SV
11565;KYCKLING BRÖSTFILÉ UTAN SKINN;SV
11567;KYCKLING, BARA SKINN;SV
11568;FETTBLANDNING 60%, VITAMIN D;SV
11571;FÄRSKOST FETT 13 G;SV
11572;MJÖLK KALCIUM, FETTFRI;SV
11580;NÖTMELLANMÅL SÖTT, STÅNG/KAKA;SV
11581;TOFUYOGHURT, TILLSATT VITAMIN, 1%;SV
11587;NYPONDRYCK PRO VIVA, INNEH. HAVRE OCH LACTOBACILLUS PLANTARUM-BAKTERIER;SV
11680;POTATIS SKALAD, STORKÖKSPRODUKT, SKYDDSGASFÖRP.;SV
11685;STEKOLJA MED PALM-, PALMKÄRNS- OCH RYPSOLJA;SV
11687;RISDRYCK;SV
11689;SPARRIS RENSAD;SV
11690;MAJONNÄS LÅG FETTHALT 15 %;SV
11691;ROM MEDELVÄRDE, SALTAD;SV
11695;RYPSOLJA KALLPRESSAD;SV
11700;SOJAPROTEIN KONCENTRAT, 58 % PROTEIN;SV
11701;PALMKÄRNSOLJA;SV
11723;BÄR-/FRUKTYOGHURT GEFILUS FETT CA 3 %;SV
11726;FRUKT-/BÄRFIL FETT 1 %, LÅG LAKTOSHALT;SV
11727;BÄR-/FRUKTYOGHURT FETT 2,5 %;SV
11734;SHIITAKESVAMP;SV
11735;OSTRONSKIVLING;SV
11736;YOGHURT NATURELL, FETT 1,5 %;SV
11739;MATFETT 35%, BECEL PRO-ACTIV;SV
28905;VETEMJÖL DURUM;SV
28909;RÅGMAKARONER;SV
28910;RIS MÖRKT, LÄTT SLIPAT RIS;SV
28913;POTATIS, VÄGD MED SKAL;SV
28915;MELON, NÄT-/CANTALUPONMELON, VÄGD MED SKAL;SV
28916;ÄPPLE, MEDELVÄRDE, VÄGD MED SKAL;SV
28917;PÄRON,  VÄGD MED SKAL;SV
28918;PLOMMON, MÖRK, VÄGD MED KÄRNA;SV
28919;PLOMMON, MÖRK, VÄGD MED KÄRNA, TORKAD;SV
28920;KÖRSBÄR, VÄGD MED KÄRNA;SV
28921;APRIKOS, VANLIG, VÄGD MED KÄRNA;SV
28922;PERSIKA/NEKTARIN, MEDELVÄRDE, VÄGD MED KÄRNA;SV
28923;ANANAS, FÄRSK, VÄGD MED SKAL;SV
28924;APELSIN, MEDELVÄRDE, VÄGD MED SKAL;SV
28925;CITRON, MEDELVÄRDE, VÄGD MED SKAL;SV
28926;GRAPE, MEDELVÄRDE, VÄGD MED SKAL;SV
28927;VEGETARISK KORV MED SOJA;SV
28928;VINBLAD, KONSERVERADE I SALTLAG;SV
28929;KÖTTFÄRS AV LAMM, FETT 14 G;SV
28930;KÖTTFÄRS AV KYCKLING, FETT 6-8 G;SV
28931;VATTENMELON, VÄGD MED SKAL;SV
28932;VINDRUVA, MEDELVÄRDE, VÄGD MED KÄRNOR, GRÖN/MÖRK;SV
28933;AVOKADO  VÄGD MED SKAL OCH KÄRNA;SV
28934;BANAN, VÄGD MED SKAL;SV
28935;MANDARIN, MEDELVÄRDE, VÄGD MED SKAL;SV
28936;FIKON, VÄGD MED SKAL;SV
28937;DADEL, VÄGD MED KÄRNA, TORKAT;SV
28938;OLIV MEDELVÄRDE UTAN KÄRNA, KONSERVERAD I OLJA, GRÖN/SVART;SV
28939;KIWI, MEDELVÄRDE, VÄGD MED SKAL;SV
28941;ÄPPLE, INHEMSK, MEDELVÄRDE, MED SKAL;SV
28942;ÄPPLE, UTLÄNDSK, MEDELVÄRDE, MED SKAL;SV
28944;HONUNGSMELON VÄGD MED SKAL;SV
28945;KÖTTFÄRS AV KALKON, FETT 5-6 G;SV
28946;KÖTTFÄRS AV GRIS, FETT 16 G;SV
28947;BACON, FILÉ, FETT 18 G;SV
28962;MAJSKOLV, HEL;SV
28991;SPECIALKAFFE, CAFE AU LAIT, OSÖTAD, HELMJÖLK;SV
28992;HELMJÖLK, KOKT;SV
28993;SPECIALKAFFE, CAFFE LATTE, OSÖTAD, HELMJÖLK;SV
29008;GRÖNSAKSBULJONGTÄRNING;SV
29009;HÖNSBULJONGTÄRNING, INNEHÅLLER VETE;SV
29010;FISKBULJONGTÄRNING;SV
29014;KOKOSMJÖLK;SV
29055;RISNUDLAR;SV
29060;SALLADOST, FETT 12-15 G, AV KOMJÖLK, I SALTLAG;SV
29064;MJÖLKDRYCK, LAKTOSFRI, FETT 1,5 G;SV
29065;MATLAGNINGSGRÄDDE, FETT 15 G;SV
29066;GRÄDDE, FETT 35 G, VISPGRÄDDE;SV
29070;ENERGIDRYCK, VITAMINERAD;SV
29089;YOGHURT DRICKBAR, BÄR/FRUKT MEDELVÄRDE, FETT 0,1 G;SV
29091;SPECIALKAFFE CAPPUCCINO, OSÖTAD, FETTFRI MJÖLK;SV
29128;FIL, NATURELL, FETTFRI;SV
29135;CIDER, TORR, 4,7 VOL-% ALKOHOL;SV
29150;LINGONSAFT, UTSPÄDD;SV
29156;CHOKLAD VIT;SV
29159;MARGARIN 40% MEDELVÄRDE AV INDUSTRIELLA PRODUKTER;SV
29160;ÄGG VÄGDA MED SKAL;SV
29207;STRÖMMING, FILE;SV
29208;COUSCOUS;SV
29210;EKOLOGISK LÄTTMJÖLK 1,5 % FETT, UTAN TILLSATT VITAMIN D;SV
29211;EKOLOGISK MJÖLK FETTFRI, UTAN TILLSATT VITAMIN D;SV
29212;EKOLOGISK SURMJÖLK FETTFRI, UTAN TILLSATT VITAMIN D;SV
29215;FRUKTJUICE MED TILLSATT VITAMIN;SV
29217;RISKA;SV
29228;FETA I OLJA;SV
29237;RÅGKLI;SV
29239;MOZZARELLA OST;SV
29409;MARGARIN 60%, BECEL FAKTOSFRI;SV
29410;STENSOPP;SV
29412;MODERSMJÖLKSERSÄTTNING MEDELVÄRDE PULVER;SV
29413;MODERSMJÖLKSERSÄTTNING, DRICKFÄRDIG, MEDELVÄRDE AV INDUSTRIELLA PRODUKTER;SV
29495;JUICE MED TILLSATT C-VITAMIN, MEDELVÄRDE;SV
29496;PASTA, GLUTENFRITT;SV
29499;RISMJÖL BLANDNING, GLUTENFRITT;SV
29501;TONIC VATTEN;SV
29685;PLOMMON JUICE, SOCKERFRI;SV
29687;SALMIAK;SV
29822;MAJSMJÖL GROVT;SV
29823;MAJSMJÖL, FINMALET;SV
29975;PROTEINDRYCKPULVER, HERBALIFE FORMULA 1;SV
30051;PASTILL SÖTAD ENDAST MED XYLITOL;SV
30187;MAJSSNACK, UTAN SALT;SV
30190;HAVREMJÖL;SV
30193;PASTA, INNEHÅLLER VETE, RÅG OCH KORN;SV
30194;SPORTDRYCK, POWERADE, GATORADE;SV
30207;SOJADRYCK, SOJAMJÖLK, MED KALSIUM;SV
30208;HAVREDRYCK UTAN MJÖLK, MED KALSIUM;SV
30209;HAVREDRYCK UTAN MJÖLK, MED KALSIUM OCH VITAMINER;SV
30210;HAVREDRYCK UTAN MJÖLK, OAT DRINK;SV
30212;RISDRYCK, MED KALSIUM;SV
30214;VATTENKASTANJ;SV
30221;RIS-HAVRE BLANDNING;SV
30223;BATAT, UTAN SKAL;SV
30224;COLADRYCK LIGHT, SÖTAD MED SUKRALOS;SV
30265;KYCKLING VINGE MED SKINN;SV
30268;KYCKLING VINGE UTAN SKINN;SV
30271;KYCKLING VINGE. MARINERAD, RÅ;SV
30273;SKINKKORV;SV
30274;BALKANKORV;SV
30275;GOUTERKORV;SV
30278;MUJKA INLAGD I TOMATSÅS;SV
30279;LÖRDAGSKORV, LÄTT, INNEHÅLLER MJÖLKPROTEIN;SV
30281;KNACKKORV, INNEHÅLLER OST;SV
30292;LÄNGKORV, INNEHÅLLER OST;SV
30294;PÅLÄGGSKORV, LÄTTSALTAT, FETT 3 G;SV
30295;BALKANKORV, LÄTT;SV
30305;MEDVURST, LÄTT;SV
30306;MEDVURST;SV
30310;SMÄLTOST FETT 5 G FETTSNÅL;SV
30317;KNACKKORV, MEDELVÄRDE AV INDUSTRIELLA PRODUKTER;SV
30318;LÄNKKORV, MEDELVÄRDE;SV
30319;JAKTKORV, MEDELVÄRDE AV INDUSTRIELLA PRODUKTER;SV
30321;GRILLKORV, LÄTT, MEDELVÄRDE;SV
30322;GRYNKORV, MEDELVÄRDE;SV
30324;LÄNGKORV, LÄTT, MEDELVÄRDE;SV
30325;KNACKKORV, LÄTT, MEDELVÄRDE AV INDUSTRIELLA PRODUKTER;SV
30369;SISKONKORV;SV
30370;GRILLKORV, KÖTTIG, OST;SV
30371;BLODKORV SVARTKORV;SV
30372;LEVERKORV ELLER PATEJ, MEDELVÄRDE;SV
30373;LEVERKORV ELLER PATEJ, LÄTT, MEDELVÄRDE;SV
30374;GRILLKORV, OST;SV
30380;ISTE;SV
30388;SAFTDRYCK, SYNTETISK SÖTAD;SV
30390;SAFTDRYCK, LÄTT, SYNTETISK SÖTAD;SV
30391;PÄRONJUICE;SV
30392;SAFTDRYCK;SV
30394;FRUKTSAFT, KONCENTRAT;SV
30395;TRANBÄR-LINGONSAFT;SV
30396;SAFTDRYCK, SOCKERFRI, SYNTETISK SÖTAD;SV
30402;HALVHÅRD OST, FETT 5 G, POLAR/TURUNMAA;SV
30406;GRYNOST FETT 2-5 G, LAKTOSFRI;SV
30423;MJÖLKDRYCK, LAKTOSFRI, FETTFRI;SV
30428;BLÅMÖGELOST, FETT 17 G AURA;SV
30429;VITMÖGELOST FETT 16 G CAMEMBERT/BRIE;SV
30430;CIDER, TORR, 5,5 VOL-% ALKOHOL;SV
30432;CIDERDRYCKT, 0,7 VOL-% ALKOHOL;SV
30440;RISCHOKLAD;SV
30443;FÄRSKOST FETT 15 G CREME BONJOUR LIGHT;SV
30444;TOMAT, SOLTORKAD, I OLJA;SV
30449;ETTANS FIL 1 % FETT;SV
30450;FRUKT-/BÄRFIL FETT 2 %, LÅG LAKTOSHALT;SV
30451;MINERALVATTEN SÖTAD MED FRUKTOS;SV
30452;YOGHURTDRYCK, BÄR/FRUKT, FETT 0,1 G, LÅG LAKTOSHALT;SV
30454;GRÄDDFIL LÅG LAKTOSHALT, 6% FETT;SV
30455;GRÄDDFIL LÅG LAKTOSHALT, 3,5% FETT;SV
30456;BÄR-/FRUKTYOGHURT 2 % FETT, LÅG LAKTOSHALT;SV
30462;BÄR-/FRUKTYOGHURT 1,5 % FETT, LÅG LAKTOSHALT;SV
30464;BÄR-/FRUKTYOGHURT FETTFRI, LAKTOSFRI;SV
30572;GRILLKORV, MEDELVÄRDE;SV
30573;GRILLKORV, KÖTTIG, MEDELVÄRDE;SV
30574;KOKT SVARTVINBÄRSAFT OUTSPÄDD, SOCKERFRI;SV
30575;KOKT SVARTVINBÄRSAFT UTSPÄDD, SOCKERFRI;SV
30576;JUICE, GEFILUS, MEDELVÄRDE AV INDUSTRIELLA PRODUKTER;SV
30606;JUICE, VITAMINERAT, MEDELSVÄRDE;SV
30607;FRUKTJUICE MED TILLSATT VITAMIN OCH FIBRE;SV
30608;YOGHURT SMAKSATT MED SYLT, FETTFRI;SV
30610;SMÖR LÅG SALTHALT;SV
30612;MARGARIN 30 %, KEIJU LÄTTARE;SV
30613;MATFETT 23%, BECEL PRO-ACTIV;SV
30614;VEG. MATFETT 25%, PIRKKA;SV
30616;MARGARIN 40%, RAINBOW/PIRKKA;SV
30617;MARGARIN 70%, KEIJU LAKTOSFRI;SV
30619;MARGARIN 60 %, KEIJU NORMAL SALTAD;SV
30621;MARGARIN 40%, KEIJU LÄTT LAKTOSFRI;SV
30629;MARGARIN 60%, KULTARYPSI;SV
30631;MARGARIN 60%, MEDELVÄRDE AV INDUSTRIELLA PRODUKTER;SV
30633;FRUKTSAFT, KONCENTRAT, VITAMINERAD;SV
30636;CIDER, LÄTT, 4,7 VOL-% ALKOHOL;SV
30638;GIN LONG DRINK LÄTT 4,7 VOL-%;SV
30641;ÄGG, OMEGA, UTAN SKAL;SV
30646;MATLAGNINGSGRÄDDE, FETT 5 G;SV
30665;PROTEINRIK BAR, MEDELVÄRDE;SV
30673;BÄR-/FRUKTKVARK, FETT 3,5 %;SV
30792;KYCKLINGBEN UTAN SKINN;SV
30914;FÄNKÅL;SV
30925;MAJONNÄS MED 80 % FETT;SV
30926;MAJONNÄS FETTFRI;SV
30968;PINJEFRÖ, TORKAT;SV
30991;LINFRÖN HELA;SV
31139;PASTA, INNEHÅLLER VETEGRODD;SV
31144;STRIMLOR AV GRIS, MARINERAD;SV
31145;STRIMLOR AV NÖT, MARINERAD;SV
31160;MATSODA;SV
31174;PASTA, INNEHÅLLER MYCKET PROTEIN;SV
31175;QUINOA;SV
31211;PUMPAFRÖN;SV
31212;PISTAGENÖTTER;SV
31213;MUNGOBÖNOR, KOKT;SV
31214;KIDNEYBÖNOR, KOKTA;SV
31216;ADUKIBÖNOR, TORKAT;SV
31217;ADUKIBÖNOR, KOKTA I VATTEN UTAN SALT;SV
31218;KIKÄRTER, TORKAT;SV
31219;LINSER RÖDA, TORKAT;SV
31225;LINSER RÖDA, KOKT;SV
31229;TOFUPARFAITPINNE, CHOKLADÖVERDRAG;SV
31231;SOJAGRÄDDE;SV
31233;BONDBÖNOR, KOKT;SV
31246;SOJADRYCK, SOJAMJÖLK, MED VITAMINER;SV
31247;SOJADRYCK, SOJAMJÖLK, EJ TILLSATT SOCKER;SV
31248;CHOKLAD SOJADRYCK, MED VITAMINER;SV
31252;RISKAKA;SV
31253;RISKAKA MED MAJS;SV
31254;RUSSIN ÖVERDRAGNA MED MJÖLKCHOKLAD;SV
31256;FÄRSK PASTA;SV
31457;LINGONSYLT;SV
31459;ÄPPELSYLT;SV
31482;MAKARONER, PASTA, INNEHÅLLER ÄGG;SV
31487;MJÖLKPULVER FETTFRITT LÅG LAKTOSHALT, MED TILLSATT VITAMIN D;SV
31488;MJÖLKPULVER FETTFRITT LAKTOSFRI, MED TILLSATT VITAMIN D;SV
31495;LINOLJA;SV
31496;MJÖLKPULVER FETTFRITT, MED TILSATT VITAMIN D;SV
31497;MJÖLKPULVER FETTFRITT LÅG LAKTOSHALT;SV
31498;MJÖLKPULVER FETTFRITT LAKTOSFRI;SV
31504;MATFETTSBLANDNING 70%;SV
31505;MATFETTSBLANDNING 75%, LAKTOSFRI;SV
31506;FETTBLANDNING 40%, LÅG LAKTOSHALT;SV
31508;FETTBLANDNING 80%, FLYTANDE, MEDELVÄRDE;SV
31511;BÄR-/FRUKTYOGHURT FETT CA 4 %, LAKTOSFRI;SV
31518;YOGHURTGLASS;SV
31532;GLUTENFRI MJÖLBLANDNING;SV
31534;GLUTENFRI MJÖLBLANDNING, VETESTÄRKELSEPREPARAT, VITAMINERAD;SV
31536;FISKPINNAR PANERADE, LAX;SV
31537;SPAGETTI, FULLKORNSRIS;SV
31538;APRIKOTPURÉ, SOCKRERFRI;SV
31539;BÄRPURÉ, SOCKERFRI, TILLSATT VITAMIN C;SV
31544;GLUTENFRI MJÖLBLANDNING;SV
31545;TOMATKETCHUP, MINDRE SALT OCH SOCKER;SV
31550;GLUTENFRI MJÖLBLANDNING, VETESTÄRKELSEPREPARAT, INNEHÅLLER MJÖLK;SV
31552;GUAVA;SV
31553;MJÖLKDRYCK, LAKTOSFRI, FETT 1,5 G, UTAN TILLSATT VITAMIN D;SV
31555;GRANATÄPPLE;SV
31557;CHILI, GRÖN, FÄRSK;SV
31675;PASTA, NATURLIGT GLUTENFRI;SV
31677;PASTA, NATURLIGT GLUTENFRI, INNEHÅLLER ÄGG;SV
31679;FIBERRIK PASTA, NATURLIGT GLUTENFRI;SV
31683;GLUTENFRI MJÖLBLANDNING AV VETESTÄRKELSE, VITAMINERAD;SV
31692;SKORPMJÖL, NATURLIGT GLUTENFRI;SV
31888;VALIO MJÖLK PLUS  0% FETT;SV
31891;HELMJÖLK 3,5 % FETT, LÅG MAKTOSHALT, 1UG TILLSATT VITAMIN D;SV
31894;KAFFEMJÖLK 2% FETT, LAKTOSFRI;SV
31900;FETTFRI SURMJÖLK LAKTOSFRI;SV
31926;MELLANMÅL PREPARAT MED SOJA, FRUKT OCH SPANNMÅL, MED KALSIUM;SV
31947;HAVRE-FRUKTPREPARAT SYRAT, YOSA SMOOTHIE;SV
31956;BÄR-/FRUKTKVARK, <0,5% FETT, ASPARTAM, ASESULFAM K;SV
31959;MATLAGNINGSGRÄDDE, SMAKSATT MED OST, 10% FETT, LÅG LAKTOSHALT;SV
31966;GRÄDDE, 26% FETT, VEGETABILISK FETTBLANDNING, FLORA;SV
31968;GRÄDDGLASS, LAKTOSFRI;SV
31969;GRÄDDGLASS, LÅG LAKTOSHALT;SV
31970;GRÄDDGLASS MED KEX , PUFFET;SV
31971;GLASS, LÄTT, 4,5% RASVAA;SV
31972;GRÄDDGLASS, SMAKSATT, CARTE D'OR STRACCIATELLA;SV
31990;GRÄDDGLASS, SMAKSATT, CARTE D'OR MASCARPONE;SV
31991;SORBET, CARTE D'OR;SV
31994;TOFU GLASSTRUT;SV
31996;RISGLASS;SV
31997;YOGHURTGLASS, 4% FETT;SV
32000;GRÄDDGLASS MED KOLA- OCH CHOKLAD GLASYR;SV
32001;GRÄDDGLASS, SMAKSATT, AINO KOLA;SV
32002;BÄR-/FRUKTKVARK, FETT 2,9 %, DANONINO;SV
32004;SOJAGRÄDDE, LÄTT;SV
32005;MATLAGNINGSCREME, VEGETABILISK FETTBLANDNING, HAVREBAS;SV
32006;MATLAGNINGSCREME, VEGETABILISK FETTBLANDNING, RISBAS, 7% FETT;SV
32007;RISDRYCK, MED KALSIUM OCH VITAMIN D;SV
32008;SOJADRYCK, SOJAMJÖLK, LÄTT, MED KALSIUM OCH VITAMINER;SV
32010;GRÄDDGLASS MED KEX  OCH CHOKLAD;SV
32062;BÄR-/FRUKTYOGHURT 2 % FETT, TILLSATT VITAMIN D;SV
32067;BÄR-/FRUKTYYOGHURT FETTFRI, TILLSATT VITAMIN D;SV
32080;BÄR-/FRUKTYYOGHURT FETTFRI, VITALINE;SV
32084;YOGHURT, BÄR/FRUKT, 2 % FETT, LAKTOSFRI, 0,5 UG VITAMIN D;SV
32085;BÄR-/FRUKTYOGHURT 2 % FETT, LÅG LAKTOSHÅLT, A+;SV
32088;NATURELL YOGHURT BULGARIAN FETT 3,5 %, VITAMIN D 1UG;SV
32101;MAJONNÄS, HAMBURGERDRESSING, HESBURGER;SV
32113;BÄR-/FRUKTYOGHURT 3,6% FETT;SV
32124;BÄR-/FRUKTYOGHURT, ACTIVIA , LÄTT FETT 1,5 %;SV
32136;YOGHURT NATUREL, ACTIVIA , FETT 3,4 %;SV
32137;YOGHURT NATURAL, ACTIVIA FETTFRI;SV
32142;YOGHURT SMAKSATT MED SYLT, FETT 2 %, LÅG LAKTOS, VITAMIN D;SV
32145;BÄR-/FRUKTYOGHURT FETTFRI, A+, LÅG LAKTOSHALT;SV
32153;BEARNAISESÅS, SÅSPULVER;SV
32163;BEARNAISESÅS, SÅSPULVER;SV
32172;TOFUYOUGHURT, 2%;SV
32175;HOLLANDAISE SÅS, SÅSPULVER;SV
32177;SALAD DRESSING MED RYPSOLJA, INDUSTRIELL, THOUSAND ISLAND FETTHALT 15%;SV
32178;SALLADSDRESSING MED RYPSOLJA, INDUSTRIELL, FETTHALT 47 %;SV
32179;LÄTT SALLADSDRESSING MED RYPSOLJA, INDUSTRIELL, FETTHALT 23%;SV
32189;FRUKT-/BÄRFIL FETT 2 %, VITAMIN D 1UG;SV
32191;KNACKRORV AV BROILER, ATRIA;SV
32193;TOFUYOUGHURT, 2%;SV
32195;KNACKRORV AV BROILER, HK;SV
32197;KNACKRORV AV KALKON, ATRIA;SV
32198;BROILERPÅLÄGG;SV
32201;YOGHURT, TURKISK/GREKISK FETT 10 %;SV
32257;BROILERPÅLÄGG;SV
32295;NESTLE ALTHERA HYPOALLERGEN MODERSMJÖLKSERSÄTTNING, PULVER;SV
32301;MARGARIN 60%, FLORA NORMALSALTAD;SV
32308;MARGARIN 60%, FLORA LAKTOSFRI;SV
32341;MARGARIN 60%, FLORA RIKLIGT SALTAD;SV
32342;MARGARIN 80%, FLORA, FÖR BAKNING OCH MATLAGNING;SV
32343;MARGARIN 38%, BECEL LÄTT;SV
32344;VEG. MATOLJA 82%, FLORA CULINESSE, FLYTANDE;SV
32345;VEG. MATOLJA 55 %, FLORA  CULINESSE LÄTT, FLYTANDE;SV
32348;VEG. MATOLJA 82%, BECEL , FLYTANDE;SV
32350;MARGARIN 38%, BECEL LÄTT OLIV;SV
32354;RYBSOLJAPRODUKT 80%, KEIJU, FLYTANDE;SV
32357;MUNKSTEKNINGSFETT 100%, SUNNUNTAI;SV
32360;MATFETT 60% FETT, BENECOL LAKTOSFRI;SV
32366;FETTBLANDNING 60%, BUNGE MAKUISA;SV
32367;MUKSU SOJADRYCK;SV
32372;VEGETAB. MATFETT 32%, BENECOL LÄTT OLIV;SV
32374;MARGARIN 40%, BENECOL;SV
32381;BOLOGNESESÅS, SÅSPULVER;SV
32385;GRYNOST FETT 1,5 G;SV
32386;TIKKA MASALA, UNCLE BEN'S;SV
32403;DIPMIX , SÅSPULVER, MED MJÖLKPRODUKTER;SV
32404;DIPMIX , SÅSPULVER, MJÖLKFRI;SV
32407;MEDVURST, ULTRALÄTT 9 % FETT;SV
32409;PANERAD SKINKA 3 % FETT;SV
32411;VEG. MATFETT LÄTT 14%, KEIJU GRÄSLÖK/VITLÖK;SV
32416;BÄRDRYCK, PROVIVA, INNEHÅLLER PROBIOTIKA;SV
32417;FRUKTDRYCK, PROVIVA, MANGO, INNEHÅLLER PROBIOTIKA;SV
32418;HAVRE-FRUKT- OCH BÅRPREPARAT SYRAT, YOSA, MEDELVÄRDE;SV
32422;FRUKTDRYK, VALIO GEFILUS, MED TILLSATT VITAMIN C OCH -D;SV
32423;DRYK, RAINBOW, FRUKTDRYK MED PROBIOTIKA;SV
32424;DRYK, RAINBOW, BÄRDRYK MED PROBIOTIKA;SV
32425;YOGURT MED JORDGUBBAR, RAINBOW, INNEHÅLLER PROBIOTIKA;SV
32426;YOGURT MED SPANNMÅL  OCH ÄPPLE, RAINBOW, INNEHÅLLER PROBIOTIKA;SV
32431;RYBSOLJAPRODUKT 80%, SUNNUNTAI, FLYTANDE;SV
32437;MARGARIN 30% FETT, KEIJU DELI OLIV;SV
32449;MELLANMÅLSSTÅNG MED YOUGHURT;SV
32450;MELLANMÅLSSTÅNG;SV
32451;MELLANMÅLSSTÅNG MED BÄR;SV
32452;MELLANMÅLSSTÅNG MED FRUKT;SV
32455;BLODGRAPEFRUKT SKALAD;SV
32456;KRONÄRTSKOCKA;SV
32464;PARANÖT;SV
32478;SWEET & SOUR, UNCLE BEN'S;SV
32480;SALLADSDRESSING MED RYPSOLJA, INDUSTRIELL, FETTHALT 39 %;SV
32482;SALAD DRESSING MED RYPSOLJA, INDUSTRIELL, FETTHALT 20%;SV
32483;SALAD DRESSING MED RYPSOLJA, INDUSTRIELL, FETTHALT 25%;SV
32485;SALAD DRESSING MED RYPSOLJA, INDUSTRIELL, FETTHALT 36%;SV
32502;KOLA MED CHOKLADÖVERDRAG;SV
32503;KARAMELL, MJÖLKCHOKLADDRAGÉ;SV
32509;CHOKLADBIT, INNEHÅLLER KEX OCH KOLA;SV
32540;GLÖGG, ALKOHOLFRI;SV
32541;KVARK, 7 % FETT;SV
32553;MARGARIN 80%, FLYTANDE, MEDELVÄRDE;SV
32562;HAVRE-FRUKTPREPARAT SYRAT, YOSA NATURELL;SV
32567;OST, INNEH. VEG. FETT;SV
32568;MATFETTSBLANDNING 75%;SV
32570;FYRKORNSFLINGOR;SV
32592;KÄRNMJÖLK 0,3 % FETT;SV
32593;SURMJÖLK FETTFRI;SV
32594;FETTFRI SURMJÖLK LÅG LAKTOSHALT;SV
32595;FETTFRI SURMJÖLK LAKTOSFRI;SV
32596;BÄR-/FRUKTYOGHURT FETTFRI, 40 KCAL;SV
32597;BÄR-/FRUKTYOGHURT FETTFRI, LAKTOSFRI;SV
32598;YOGHURT NATURELL, FETTFRI;SV
32599;BÄR-/FRUKTYOGHURT 2 % FETT;SV
32600;YOGHURT, DRYCKBAR, DANONINO DRINK;SV
32602;GRILLKORV, CHORIZO;SV
32619;DIETPREPARAT DRYCK, SHAKE, NATURDIET;SV
32622;DIETPREPARAT DRYCK, SMOOTHIE, NATURDIET;SV
32623;DIETPREPARAT, DRYCK PULVER, NATURDIET;SV
32625;BANTNINGSPREPARAT, CHOKLAD STÅNG, NATURDIET;SV
32626;BANTNINGSPREPARAT, KARAMELL STÅNG, NATURDIET;SV
32627;BANTNINGSPREPARAT, MÖRK CHOKLAD STÅNG, NATURDIET;SV
32628;DIETPREPARAT DRYCK, SMOOTHIE PULVER, EASY DIET;SV
32630;DIETPREPARAT, SOPPA PULVER, EASY DIET;SV
32632;DIETPREPARAT, SOPPA PULVER, TOMAT/TEXMEX/THAI, EASY DIET;SV
32634;DIETPREPARAT, SOPPA PULVER, NUTRIFAST;SV
32636;DIETPREPARAT DRYCK, SMOOTHIE PULVER, NUTRIFAST;SV
32638;DIETPREPARAT, MILKSHAKE, DRYCK PULVER, ALLEVO;SV
32640;DIETPREPARAT, SMOOTHIE, DRYCK PULVER, ALLEVO;SV
32642;DIETPREPARAT, SOPPA PULVER, ALLEVO;SV
32644;DIETPREPARAT, SOPPA PULVER, ALLEVO;SV
32646;DIETPREPARAT, KALORISNÅL DRYCK, ALLEVO;SV
32647;DIETPREPARAT, KALORISNÅL STÅNG, ALLEVO;SV
32648;DIETPREPARAT, SOPPA PULVER, NUTRILETT;SV
32650;DIETPREPARAT DRYCK, HUNGER CONTROL, NUTRILETT;SV
32651;DIETPREPARAT, MILKSHAKE, DRYCK PULVER, NUTRILETT;SV
32653;DIETPREPARAT, HOT AND COLD MOCCA, DRYCK PULVER, NUTRILETT;SV
32655;BANTNINGSPREPARAT, HUNGER CONTROL, STÅNG, NUTRILETT;SV
32656;BANTNINGSPREPARAT, KALORISNÅL STÅNG;SV
32657;DIETPREPARAT, SOPPA PULVER;SV
32659;DIETPREPARAT, MILKSHAKE, DRYCK PULVER;SV
32661;DIETPREPARAT DRYCK, SMOOTHIE PULVER;SV
32664;MATFETTSBLANDNING 75%, OIVARIINI, NORMALSALTAD, LÅG LAKTOSHALT;SV
32665;MATFETTSBLANDNING 75%, OIVARIINI, LÄTTSALTAD, LÅG LAKTOSHALT;SV
32666;MATFETTSBLANDNING 75%, OIVARIINI, KRAFTIGT SALTAD, LÅG LAKTOSHALT;SV
32667;DIETPREPARAT, PROTEINDRYCKPULVER, GNLD;SV
32668;MATFETTSBLANDNING 75%, OIVARIINI, NORMALSALTAD, LÅG LAKTOSHALT;SV
32669;MATFETTSBLANDNING 60%, OIVARIINI, LÄTTARE, LÅG LAKTOSHALT;SV
32670;MATFETTSBLANDNING 75%, OIVARIINI, LAKTOSFRI;SV
32671;FETTBLANDNING 43%, INGMARIINI, LAKTOSFATTIG;SV
32672;MATFETTSBLANDNING 82%, INGMARIINI, LAKTOSFATTIG;SV
32673;MATFETTSBLANDNING 75%, INGMARIINI, NORMALSALTAD;SV
32675;PROTEINDRYCKPULVER, NUTRISHAKE, GNLD;SV
32676;MATFETTSBLANDNING 60%, INGMARIINI, LÄTTARE, LAKTOSFATTIG;SV
32678;FEMISOIJA;SV
32679;FEMISOIJA + SOJATILLÄGG;SV
32680;BERRYSOYA;SV
32681;CHOCOSOYA;SV
32694;KÖTTFÄRS, LÅG FETTHALT, 7 % FETT;SV
32695;CHOKLADKARAMELL MED PEPPERMYNTSMAK;SV
32699;VÅFFELKEX CHOKLADGLASERING;SV
32700;MELLANMÅLSSTÅNG MED CHOCKLAD;SV
32701;MJUKGLASS, SOFT ICE;SV
32702;TOFUPARFAIT SOJABASERAD UTAN MJÖLK, GLUTENFRI, KOLESTEROLFRI;SV
32703;CHOKLAD-NÖTPÅLÄGG, BREDBART;SV
32704;KÖTTFÄRS AV NÖTSTEK, 9 % FETT;SV
32705;GLASS AV VEGETABILISKT FETT;SV
32708;VISPGRÄDDEPRODUKT, INDUSTRIELL;SV
32709;HUSHÅLLSMARGARIN 80 %, FÖR BAKNING, MEDELVÄRDE;SV
32710;MATLAGNINGSCREME 4% FETT, VEGETABILISK FETTBLANDNING, LÅG LAKTOSHALT;SV
32712;YOGHURT, DRYCKBAR, KIDIUS DRINK MED JORDGUBBSMAK;SV
32716;MATLAGNINGSGRÄDDE, FETT 5 G;SV
32721;MATLAGNINGSGRÄDDE,VEGETABILISK FETTBLANDNING, FETT 7%, LÅG LAKTOSHALT;SV
32722;GRILLKORV, KABANOSSI, MEDELVÄRDE;SV
32724;GRILLKORV, CHORIZO;SV
32731;NUDEL, VETE, FULLKORNS-;SV
32733;KINDER;SV
32734;SOJADRYCK, SOJAMJÖLK MED KALSIUM OCH VITAMINER;SV
32735;YOGHURT, NATURELL , A+, LÅG LAKTOSHALT, FETT 2,5 %;SV
32737;ACIDOPHILUS-SURMJÖLK 2,5 % FETT, A-SURMJÖLK, AB-SURMJÖLK;SV
32739;CIDERDRYCKT, 0,02 VOL-% ALKOHOL;SV
32740;ÖL, ALKOHOLFRI, NIKOLAI,  VOL-% ALKOHOL, SINEBRYCHOFF;SV
32744;MARMELAD AV PLOMMON;SV
32745;ENERGIDRYCK, VITAMINERAD, SÖTADE MED FRUKTOS OCH ASPARTAM;SV
32746;ENERGIDRYCK, VITAMINERAD, SÖTADE MED ACESULFAM K OCH ASPARTAM;SV
32758;SOJADRYCK SOJAMJÖLK, SÖTAD;SV
32770;MINERALVATTEN;SV
32771;MINERALVATTEN MED TILLSATT KALSIUM;SV
32772;MINERALVATTEN MED TILLSATT VITAMIN C OCH MAGNESIUM;SV
32773;MINERALVATTEN SÖTADE MED FRUKTOS, NOVELLE FRISS, MEDELVÄRDE;SV
32774;HAVREDRYCK UTAN MJÖLK, MED KALSIUM OCH VITAMINER;SV
32778;LÖRDAGSKORV;SV
32779;LÖRDAGSKORV, INNEHÅLLER MJÖLKPROTEIN;SV
32780;LÖRDAGSKORV, INNEHÅLLER SOJAPROTEIN;SV
32783;HAVREDRYCK UTAN MJÖLK, MED KALSIUM OCH VITAMINER;SV
32784;LÖRDAGSKORV, LÄTT, MEDELVÄRDE;SV
32786;LÖRDAGSKORV, MEDELVÄRDE AV INDUSTRIELLA PRODUKTER;SV
32787;RISDRYCK, MED KALSIUM;SV
32790;RISDRYCK;SV
32795;GRILLKORV, LÄTT;SV
32796;GRILLKORV, INNEHÅLLER SOJAPROTEIN;SV
32800;RISGLASS, VANILJ-CHOKLAD;SV
32802;RISGLASS, VANILJ;SV
32804;GLASS SYNTETISKT SÖTAD, VANILJ-JORGUBB;SV
32885;HAVREDRYCK UTAN MJÖLK, MED KALSIUM OCH VITAMINER;SV
32887;RISDRYCK, MED KALSIUM OCH VITAMIN D;SV
32892;FIBERHALTIG FRUKTDRYCK, HYVÄÄ PÄIVÄÄ, TRANBÄR;SV
32893;FRUKTDRYCK, HYVÄÄ PÄIVÄÄ, CITRUS, FRUKTOS, ASPARTAM, KOFFEIN, VITAMINERAD;SV
32894; FRUKTDRYCK, HYVÄÄ PÄIVÄÄ, SÖTAD MED FRUKTOS, VITAMINERAD;SV
32895;MACADAMIA NÖT;SV
32897;ENERGIDRYCK, ENERGIVATTEN, TEHO, OLVI, VITAMINERAD;SV
32925;GETOST, CHÈVRE, 30 G FETT, GET MJÖLK;SV
32931;GETOST, CHÈVRE, 30 G FETT, STEKT;SV
33020;SWEET CHILI SAUCE, CHILISÅS;SV
33021;KRYDDPASTA, CURRY PASTA;SV
33022;KRYDDPASTA, INGEFÄRAPASTA;SV
33023;INGEFÄRA, ROT, RÅ;SV
33024;INGEFÄRA, INLAGD;SV
33038;SHARON, KAKI, PERSIMON;SV
33042;YOGHURT, NATURELL , A+, LAKTOSFRI, FETT 4 %;SV
33047;VEGETABILISK FETTBLANDNING, FETT 13%, LÅG LAKTOSHALT;SV
33048;VEGETABILISK FETTBLANDNING 7 % FETT;SV
33049;VEGETABILISK FETTBLANDNING 4 % FETT;SV
33060;PAPAYA, TORKAT;SV
33065;MANGO, TORKAT;SV
33067;SPECIALFRUKT EXOTISK, MEDELVÄRDE MANGO/PAPAYA TORKAT;SV
33070;FIGON, TORKAT;SV
33077;ANANAS, TORKAT;SV
33091;AVOKADO OLJA;SV
33095;PECAN NÖT;SV
33097;BALKANKORV/BRATWURST;SV
33102;HONUNG ROSTAD JORDNÖT;SV
33103;BÄR-/FRUKTYOGHURT FETT 2,7 %, VALIO OLO;SV
33104;YOGHURT FETT 2,7 %, VALIO OLO;SV
33105;SALTKRINGLA, HÅRD;SV
33106;YOGHURT, INDISK YOGHURTDRYCK, MANGOLASSI;SV
33108;SALTKRINGLA, MJUK;SV
33111;HELMJÖLK, 3 % FETT, LAKTOSFATTIG;SV
33113;SAFTDRYCK, MEHUKATTI;SV
33116;SALLADOST, FETT 2-5 %, AV KOMJÖLK, I SALTLAG;SV
33117;SURMJÖLK, VALIO PLUS SURMJÖLK, FETTFRI, LAKTOSFATTIG;SV
33118;SALLADOST, FETT 6-8 %, AV KOMJÖLK, I SALTLAG;SV
33119;SALLADOST, FETT 9-11 %, AV KOMJÖLK, I SALTLAG;SV
33120;FETA I OLJA;SV
33121;HAMPFRÖN, HELA;SV
33122;SOJADRYCK, SOJAMJÖLK MED KALSIUM OCH VITAMINER;SV
33124;SOJADRYCK, SOJAMJÖLK MED KALSIUM OCH VITAMINER;SV
33125;SOJADRYCK SOJAMJÖLK, SÖTAD;SV
33128;CHILI NÖT;SV
33129;YOGHURT, NATURELL , KLYVBAR, LAKTOSFRI, FETT 5,5%;SV
33130;CASHEW-NÖTTER, SALTAD;SV
33131;PISTAGENÖTTER, SALTAD;SV
33132;SOJADRYCK, SOJAMJÖLK, KALCIUM, EJ TILLSATT SOCKER;SV
33133;SOJADRYCK, SOJAMJÖLK, KALCIUM;SV
33134;SOJADRYCK SOJAMJÖLK, SÖTAD;SV
33135;SOJADRYCK, SOJAMJÖLK, RAINBOW;SV
33136;SOJADRYCK, SOJAMJÖLK, MED D-VITAMIN OCH KALCIUM;SV
33137;SOJADRYCK SOJAMJÖLK, SÖTAD;SV
33138;SOJADRYCK SOJAMJÖLK, SÖTAD;SV
33139;SOJADRYCK, SOJAMJÖLK MED KALSIUM OCH VITAMINER;SV
33141;BÄR-/FRUKTYOGHURT 2 % FETT;SV
33142;BÄR-/FRUKTYOGHURT FETTFRI, LAKTOSFRI, 1 UG VITAMIN D;SV
33147;BÄR-/FRUKTKVARK, FETT 2,9 %, DANONINO;SV
33150;RABARBERYOGHURT 4,6 % FETT, LAKTOSFRI;SV
33151;HAVSSALT OJODAT;SV
33154;FILÉ AV FISK GRAVAD;SV
33158;MELLANMÅLSSTÅNG MED CHOCKLAD, KELLOGG´S SPECIAL K BAR CHOCOLATE, VITAMINERAD;SV
33159;MELLANMÅLSSTÅNG MED RIS, KELLOGG´S RICE KRISPIES CEREAL & MILK BAR, VITAMINERAD;SV
33160;HAVREDRYCK UTAN MJÖLK, MELLANMÅLSDRYCK MED APRIKOSSMAK, ELOVENA, 2,9 % FETT;SV
33161;HAVREDRYCK UTAN MJÖLK, MELLANMÅLSDRYCK MED SKOGSBÄR, ELOVENA, 0,5 % FETT;SV
33162;YOGHURT NATURELL, CA 2,5 % FETT;SV
33163;HAVREDRYCK UTAN MJÖLK, MELLANMÅLSDRYCK MED FRUKTSMAK, ELOVENA, 0,5 % FETT;SV
33164;HELMJÖLK 3,5 % FETT, LÅG MAKTOSHALT;SV
33168;HALVHÅRD OST, FETT 10 G, POLAR, 5 UG D-VITAMIN;SV
33169;HAVREDRYCK UTAN MJÖLK, VANILJ, MED KALSIUM OCH VITAMINER;SV
33170;PANGASIUS, FILÉ;SV
33171;HAKE;SV
33172;YOGHURT, BULGARIAN, SMAKSATT, FETT 3,1 %, HYLA, 1 UG D-VITAMIN;SV
33174;KÖTTFÄRS, LÅG FETTHALT, 10 % FETT;SV
33178;FETTBLANDNING 60%;SV
33179;KVARK 0,3 % FETT, LAKTOSFRI;SV
33189;KVARK, SMAKSATT, FETT 7 %, SÖT, LAKTOSFRI, VALIO;SV
33190;KVARK, FETT 8,5 %, VITCHOKLAD-LIME, LAKTOSFATTIG, VALIO;SV
33192;KVARK, SMAKSATT, SALTIG, FETT 7 %, LAKTOSFRI;SV
33197;BÄR-/FRUKTYOGHURT FETTFRI, LAKTOSFATTIG, 40 KCAL, 0,5 UG D-VITAMIN;SV
33198;BÄR-/FRUKTYOGHURT FETTFRI, 40 KCAL;SV
33200;FIL, SMAKSATT, 1 % FETT, LAKTOSFRI;SV
33201;FIL, 1 % FETT, LAKTOSFRI;SV
33211;TILAPIA;SV
33221;BÄR-/FRUKTYOGHURT 1 % FETT, LAKTOSFRI, UTAN D-VITAMIN;SV
33226;BÄR-/FRUKTYOGHURT, FETTFRI, INNEH. FIBER OCH A-, E- OCH D-VITAMIN;SV
33236;MUKSU ÄPPLE-FULLKORNSGRÖT PULVER 8 MÅN;SV
33237;BÄR-/FRUKTYOGHURT, FETT 3 %;SV
33245;YOGHURT FETTFRI, LAKTOSFATTIG, NATURELL, MED FIBER OCH D-VITAMIN;SV
33250;BÄR-/FRUKTYOGHURT FETT 3 %;SV
33251;TILAPIA, UGNSTEKT;SV
33255;MUKSU MIN FÖRSTÄ FULLKORNSVETEKAKA;SV
33257;NESTLE ALTFARE HYPOALLERGEN MODERSMJÖLKSERSÄTTNING, FÄRDIG;SV
33258;MUKSU RÅG-FULLKORNSGRÖT PULVER 1-3 ÅR;SV
33262;SEMPER ECO RISGRÖT PULVER 4 MÅN;SV
33264;FIL, SMAKSATT, 1 % FETT, LAKTOSFRI, ASPARTAM;SV
33265;CASHEWNÖT ÖVERDRAGNA MED MJÖLKCHOKLAD;SV
33266;CASHEW NÖT ÖVERDRAGNA MED YOGHURT;SV
33267;BANANCHIPS ÖVERDRAGNA MED YOGHURT;SV
33268;TORKAD ANANAS ÖVERDRAGEN MED YOGHURT;SV
33269;ÄPPLE CHIPS;SV
33272;MELLANMÅLSSTÅNG MED CHOCKLAD OCH FLINGOR, VITAMINERAD;SV
33280;YOGHURT, BÄR/FRUKT, 2 % FETT, LAKTOSFRI, 1 UG VITAMIN D;SV
33283;YOGHURT, BULGARIAN, SMAKSATT, CITRON, FETT 3,1 %, HYLA, EJ D-VITAMIN;SV
33284;YOGHURT, NATURELL, LAKTOSFRI, FETTFRI, 1 UG D-VITAMIN;SV
33289;SEMPER ECO SPELTGRÖT PULVER 6 MÅN;SV
33295;YOGHURT FETTFRI, A+, LÅG LAKTOSHALT, NATURELL, 1 UG D-VITAMIN;SV
33298;YOGHURT MED MYSLI , A+, LÅG LAKTOSHALT, FETT 3,5 %, 1 UG D-VITAMIN;SV
33300;SEMPER HAVRE-MAJSVÄLLING PULVER 6 MÅN;SV
33304;SPORTDRYCK, DEXAL HEAVY;SV
33305;SPORTDRYCK, DEXAL LIGHT;SV
33306;SPORTDRYCK, DEXAL RTD;SV
33314;SEMPER FRUKTGRÖT FULLKORN PULVER 8 MÅ;SV
33317;SPORTDRYCK, DEXAL LIGHT;SV
33319;VITFISK, TILAPIA/PANGASIUS/HAKE,  MEDELVÄRDE;SV
33320;VITFISK, KOKT, TILAPIA/PANGASIUS/HAKE,  MEDELVÄRDE;SV
33323;SPORTDRYCK, DEXAL HEAVY;SV
33334;SPORTDRYCK, PRO FX ZERO CARB;SV
33336;BÄR-/FRUKTKVARK, PROFEEL COTTIFRUTTI, <0,5% FETT, ASPARTAM, ASESULFAM K;SV
33337;VITFISK, TILAPIA/PANGASIUS/HAKE,  MEDELVÄRDE, I UGN;SV
33338;SPORTDRYCK, LEADER CARBO ENERGY;SV
33339;KYCKLINGFILÉ I HONUNGSMARINAD;SV
33341;BÄR-/FRUKTKVARK, VALIO VANILLA, FETT 2,5 %, LAKTOSFRI;SV
33342;KVARKEFTERRÄTT, VALIO VANILLA, 4,5 % FETT, LAKTOSFRI;SV
33343;SPORTDRYCK, LEADER PROTEIN 40;SV
33344;BÄR-/FRUKTKVARK, VALIO, FETT 2,9 %, LAKTOSFATTIG;SV
33351;FIL, SMAKSATT MED MYSLI, 2 % FETT, LAKTOSFRI;SV
33356;BÄR-/FRUKTYOGHURT, ACTIVIA , FETT 3 %, LAKTOSFATTIG;SV
33357;SNABBKAFFE, PULVER;SV
33360;SPORTDRYCK, PRO FX RECOVERY;SV
33367;SPORTDRYCK, LEADER RECOVERY;SV
33372;SPORTDRYCK, INNEHÅLLER KOLHYDRATER OCH PROTEIN;SV
33375;SPORTDRYCK, INNEHÅLLER KOLHYDRATER, MEDELVÄRDE AV INDUSTRIELLA PRODUKTER;SV
33376;SPORTDRYCK, INNEHÅLLER PROTEIN;SV
33382;LAX VARMRÖKT;SV
33395;POTATISMOSPULVER OTILLRETT, RAINBOW;SV
33396;POTATISMOSPULVER OTILLRETT, PIRKKA/FELIX;SV
33397;POTATISMOSPULVER OTILLRETT, ELDORADO;SV
33403;PROTEINRIK BAR, 54 % PROTEIN;SV
33404;BÄR-/FRUKTKVARK, FETT 3 %, DANIO;SV
33405;KVARKEFTERRÄTT, DANIO STRACCIATELLA, FETT 4,5 %;SV
33407;YOGHURT MED MYSLI , DANIO, FETT 4,3 %, EJ D-VITAMIN;SV
33408;SIK VARMRÖKT;SV
33409;REGNBÅGSLAX, KALLRÖKT;SV
33410;BÄR-/FRUKTYOGHURT 2 % FETT;SV
33412;YOGHURT, TURKISK/GREKISK FETT 10 %, GREGO;SV
33413;YOGHURT, TURKISK/GREKISK, SMAKSATT, FETT 8 %, GREGO;SV
33414;REGNBÅGSLAX VARMRÖKT;SV
33415;FISK VARMRÖKT, MEDELVÄRDE;SV
33417;YOGHURT NATURELL, FETTFRI, LUONTO+;SV
33419;FILÉ AV REGNBÅGSLAX;SV
33420;LAX KALLRÖKT;SV
33424;MAKRILL, RÖKT;SV
33428;KAFFE, INSTANT, DRYCK;SV
33432;VÅFFELKEX CHOKLADGLASERING;SV
33433;BASILIKA, TORKAD;SV
33436;NYPON, TORKAT;SV
33438;SPECIALKAFFE, CAFFE LATTE, OSÖTAD, FETFRI MJÖLK;SV
33439;SPECIALKAFFE, CAFFE LATTE, OSÖTAD, LÄTTMJÖLK;SV
33441;SPECIALKAFFE, CAPPUCCINO, OSÖTAD, LÄTTMJÖLK;SV
33442;SPECIALKAFFE, CAFFE LATTE, OSÖTAD, SOJAMJÖLK;SV
33447;MARSHMALLOW;SV
33449;OST MEDELVÄRDE;SV
33451;MJÖLK FETTFRI;SV
33452;TOGUYOGHURT, NATURELL;SV
33453;BÄR-/FRUKTYOGHURT, ACTIVIA , FETT 3,5 %;SV
33456;SPENAT;SV
33465;HALLOUMIOST,  22 G FETT;SV
33466;MJÖLK MEDELVÄRDE, VIT D 1 UG;SV
33475;BÄR-/FRUKTYOGHURT, ACTIVIA , LÄTT FETT 1,5 %;SV
33486;MARGARINE  60%, KEIJU DELI, MED TILLSATT VITAMIN D 20 UG;SV
33487;MARGARIN 70%, KEIJU LAKTOSFRI;SV
33488;MARGARIN 40%, KEIJU LÄTT LAKTOSFRI;SV
33489;MARGARIN 60 %, KEIJU NORMAL SALTAD;SV
33494;PAPRIKA RÖD, KONSERVERAD;SV
33496;MARGARIN 70%, BECEL GOLD;SV
33499;SOJAGRYN, LJUST ELLER MÖRKT;SV
33501;TOFU SOJAPREPARAT, SOJABÖNSOST;SV
33502;TOFU KORV;SV
33519;SÖTNINGSMEDEL, STEVIA, CANDEREL GREEN PULVER;SV
33520;SÖTNINGSMEDEL, STEVIA, CANDEREL GREEN TABLETT;SV
33521;SÖTNINGSMEDEL, STEVIA, CANDEREL GREEN STICK;SV
33522;HAVSTÅNG SPIRULINA, TORKAT;SV
33525;FETT PULVER;SV
33542;MÖRK CHOKLAD 80 %;SV
33549;ÄGG PULVER;SV
33550;ÄGGVITA PULVER;SV
33551;ÄGGULA PULVER;SV
33553;SWEET AND SOUR SAUCE, CHILISÅS;SV
33554;EMMENTALOST, FETT 28 G, POLAR, VITAMIN D;SV
33555;HALVHÅRD OST, FETT 5 G, POLAR;SV
33556;HALVHÅRD OST, FETT 15-18 G KEVYT POLAR;SV
33559;JORDGUBBSSYLT;SV
33567;GURKSALLAD GURKPICKELS GURKRELISH;SV
33568;SALTA NÖTTER OCH TORKAT FRUKT, BLANDNING;SV
33569;NÖTTER, BLANDNING, UTAN SALT;SV
33579;SALTA NÖTTER;SV
33584;ACIDOPHILUS-SURMJÖLK 2 % FETT, A-SURMJÖLK, AB-SURMJÖLK;SV
33586;GRÄDDGLASS, SNICKERS;SV
33587;FISK MEDELVÄRDE;SV
33596;HAVREDRYCK UTAN MJÖLK, MEDELVÄRDE AV INDUSTRIELLA PRODUKTER;SV
33597;SOJADRYCK, SOJAMJÖLK, MEDELVÄRDE AV INDUSTRIELLA PRODUKTER;SV
33600;RISDRYCK, MEDELVÄRDE AV INDUSTRIELLA PRODUKTER;SV
33601;POTATISMOSPULVER OTILLRETT, MEDELVÄRDE AV INDUSTRIELLA PRODUKTER;SV
33625;NESTLE MJÖLKDRYCK 1 ÅR;SV
33629;KVARK, MEDELVÄRDE AV INDUSTRIELLA PRODUKTER;SV
33631;GLUTENFRI MJÖLBLANDNING, MEDELVÄRDE AV INDUSTRIELLA PRODUKTER;SV
33632;PASTA, GLUTENFRITT, MEDELVÄRDE AV INDUSTRIELLA PRODUKTER;SV
33638;SÅSPULVER, MEDELVÄRDE AV INDUSTRIELLA PRODUKTER;SV
33639;PILTTI MJÖLKDRYCK 1 ÅR;SV
33658;NESTLE NAN H.A. 1 MODERSMJÖLKSERSÄTTNING DRICKFÄRDIG;SV
33671;VALIO MJÖLK PLUS  0% FETT;SV
33672;FIL AV HELMJÖLK, 3 % FETT, VALIO;SV
33675;LÄTT SURMJÖLK 1 % FETT, LÅG LAKTOSHALT;SV
33678;ACIDOPHILUS-SURMJÖLK 2 % FETT, A-SURMJÖLK, AB-SURMJÖLK;SV
33679;ACIDOPHILUS-SURMJÖLK 1,5 % FETT, A-SURMJÖLK, AB-SURMJÖLK;SV
33681;ACIDOPHILUS-SURMJÖLK 0,4 % FETT, A-SURMJÖLK, AB-SURMJÖLK;SV
33682;SURMJÖLK LÄTT 2 % LÅG LAKTOSHALT;SV
33683;SURMJÖLK LÄTT 2 %;SV
33685;ACIDOPHILUS-BIFIDUS-SURMJÖLK 1,5 % FETT, A-SURMJÖLK, AB-SURMJÖLK;SV
33686;BÄR-/FRUKTYOGHURT, PROFEEL;SV
33688;YOGHURT, PROFEEL;SV
33689;YOGHURTDRYCK, KIDIUS GEFILUS, LÅG LAKTOSHALT, VITAMIN D 1,5 UG;SV
33690;BÄR-/FRUKTYOGHURT 2,6 % FETT, LÅG LAKTOSHALT, -30% SOCKER;SV
33691;KVARKEFTERRÄTT, DANIO BREAKFAST, FETT 4,2 %;SV
33692;BÄR-/FRUKTYYOGHURT FETTFRI, VITALINE;SV
33693;KVARK, 0,1 % FETT, VITALINEA;SV
33695;YOGHURT, NATURELL , AB, LÅG LAKTOSHALT, FETT 2,7 %;SV
33696;BÄR-/FRUKTYOGHURT, AB, 3,3 % FETT;SV
33697;YOGHURT NATURELL, AB, 2,5 % FETT;SV
33698;YOGHURT NATURELL, AB, 0,2 % FETT;SV
33700;YOGHUR, AB, 0,2 % FETT;SV
33703;YOGHURT, DRYCKBAR, PIRKKA C.CASEI , FETT 0,9 %;SV
33705;BÄR-/FRUKTYOGHURT FETT 2,7 %;SV
33710;GEFILUS DRYCK, FETTFRI, LAKTOSFRI;SV
33713;GEFILUS DRYCK, FETTFRI, LAKTOSFRI;SV
33714;YOGHURT, A+, LAKTOSFRI, FETT 3,2 %;SV
33716;BÄR-/FRUKTYOGHURT, ACTIVIA JUST 3 , FETT 3 %;SV
33717;DRYK, RAINBOW, BÄRDRYK MED PROBIOTIKA;SV
33719;BÄR-/FRUKTYOGHURT FETT 2,7 %, VALIO OLO;SV
33725;BÄR-/FRUKTYOGHURT, PIRKKA REDUCOL, 2 % FETT, LÅG LAKTOSHALT;SV
33726;MATFETT 70%, MEDELVÄRDE AV INDUSTRIELLA PRODUKTER;SV
33727;YOGHURT, PIRKKA REDUCOL, 2,5 % FETT, LÅG LAKTOSHALT;SV
33728;FIL, 1,5 % FETT, LAKTOSFRI;SV
33729;ACIDOPHILUS-SURMJÖLK 0,4 % FETT, A-SURMJÖLK, AB-SURMJÖLK;SV
33737;LÄTTMJÖLK 1,5 % FETT, VALIO HILJA, UTAN TILLSATT VITAMIN D;SV
33739;HELMJÖLK, VALIO HILJA, 4,4 % FETT, UTAN TILLSATT VITAMIN D;SV
33757;APELSINJUICE MED 60 MG VITAMIN C;SV
33758;SKINKPÅLÄGG LÅG FETTHALT;SV
33760;BÄR-/FRUKTYOGHURT 2 % FETT, LÅG LAKTOSHÅLT, A+;SV
33790;MJÖLKDRYCK, LAKTOSFRI, FETT 1,5 G, VALIO EILA;SV
33791;MJÖLKDRYCK, LAKTOSFRI, FETTFRI, VALIO EILA;SV
33792;HELMJÖLK, 3 % FETT, LAKTOSFATTIG, VALIO EILA;SV
33845;MEDVURST/SALAMI, 22 %;SV
33852;SURMJÖLK FETTFRI, VALIO EILA;SV
33872;BRÖSTMJÖLK;SV
33882;VEG. MATFETT, FLORA KULTA, 80 %;SV
33884;JUICE MED ANANAS, MOROT OCH TILLSATT KALSIUM, VALIO GEFILUS;SV
33885;BÄR-/FRUKTKVARK, PROFEEL PROTEIN KVARK;SV
33887;BÄR-/FRUKTKVARK, PROFEEL PROTEIN KVARK;SV
33889;CHOKLAD MED HASSELNÖTTER;SV
33899;MAIZENA EXPRESS;SV
33900;HAVREDRYCK UTAN MJÖLK, MED KALSIUM OCH VITAMINER;SV
33901;HAVREDRYCK UTAN MJÖLK, MED KALSIUM OCH VITAMINER;SV
33903;BÄR-/FRUKTYOGHURT, KIDIUS GEFILUS,  2 % FETT, LÅG LAKTOSHÅLT, VITAMIN D 1,5 UG;SV
33904;FRUKT-/BÄRFIL FETT 2 %, GEFILUS;SV
33907;VASSLEDRYCK GEFILUS;SV
33908;SAFT, GEFILUS, FIBRER;SV
33909;JUICE, TILLSATT C- OCH D-VITAMIN, VALIO GEFILUS;SV
33910;YOGHURT, DRYCKBAR, ACTIMEL , FETT 1,5 %;SV
33911;YOGHURT, DRYCKBAR, ACTIMEL, SYNTETISKT SÖTAD;SV
33912;YOGHURT, DRYCKBAR, ACTIMEL POWERFRUIT, FETT 1,5 %;SV
33913;KAKAODRYCK, KIDIUS;SV
33924;GRÄDDE, VALIO JORDGUBBE/CHOKLAD;SV
33925;QUORN, FÄRS, BITAR, FILE;SV
33927;KALKONPÅLÄGG;SV
33928;ÄPPELMOS SÖTAD;SV
34079;FYRKORNSFLINGOR;SV
34110;MAIZENA REDNING;SV
34127;VALIO MJÖLK PLUS  1,5% FETT;SV
34136;HAVSTÅNG NORI, TORKAT;SV
34137;HAVSTÅNG WAKAME, TORKAT;SV
34140;KOKOSOLJA;SV
34150;YOGHURT, DRYCKBAR, ACTIVIA , FETT 0,7 %;SV
